avg_tardiness_mean,avg_tardiness_std,coverage_mean,coverage_std,distance_mean,distance_std,duration_mean,duration_std,energy_per_uav_mean,energy_per_uav_std,policy,rtb_mean,rtb_std,served_mean,served_std,total_pois_mean,total_pois_std,violations_mean,violations_std
0.438,0.215304435625465,0.43500000000000005,0.0513322510708424,754472.4405,47810.325714284765,5000.0,0.0,5525.229375000228,218.66503763670528,marl,34.7,3.689173349139344,21.75,2.56661255354212,50.0,0.0,0.85,0.3570714214271425
0.0,0.0,0.020000000000000004,3.469446951953614e-18,427.82399999999996,5.684341886080802e-14,5000.0,0.0,5241.015500000489,0.0,greedy,4.0,0.0,1.0,0.0,50.0,0.0,0.0,0.0
3.378,2.277102544902183,0.7150000000000001,0.14871112937504039,13880.083499999999,2417.855494984543,5000.0,0.0,5246.759375000491,1.62974046150813,genetic,0.0,0.0,35.75,7.4355564687520195,50.0,0.0,4.45,1.8567444627627143
