avg_tardiness_mean,avg_tardiness_std,coverage_mean,coverage_std,distance_mean,distance_std,duration_mean,duration_std,energy_per_uav_mean,energy_per_uav_std,policy,rtb_mean,rtb_std,served_mean,served_std,total_pois_mean,total_pois_std,violations_mean,violations_std
0.0,0.0,0.08,0.0,22325.4804,22.904097184564055,134.0,0.0,152.67979999999974,0.03795997892513779,marl,0.0,0.0,4.0,0.0,50.0,0.0,0.0,0.0
0.0,0.0,0.02,0.0,213.91199999999998,2.842170943040401e-14,102.0,0.0,107.20149999999981,0.0,greedy,0.0,0.0,1.0,0.0,50.0,0.0,0.0,0.0
5.795999999999999,2.694361519915247,0.772,0.1324235628579748,15701.323199999999,308.80715477035193,308.6,20.4215572373901,319.8359000000011,21.337073893577788,genetic,0.0,0.0,38.6,6.6211781428987395,50.0,0.0,5.0,1.2649110640673518
